metric,varying_factor,fixed_level,levels,case_ids,values,relative_to_first_level_percent,monotonic_classification,ascending_value_order_case_ids
soil_energy_total_J,soil_m_MN_per_m4,L=3.5,"[2.0, 3.25, 4.5]","[""S_L35_M200"", ""S_L35_M325"", ""S_L35_M450""]","[28497899.984273758, 11572780.837836295, 7098439.562036793]","[0.0, -59.39075916392926, -75.09135913188696]",nonincreasing,"[""S_L35_M450"", ""S_L35_M325"", ""S_L35_M200""]"
soil_energy_total_J,soil_m_MN_per_m4,L=4.0,"[2.0, 3.25, 4.5]","[""S_L40_M200"", ""RAC"", ""S_L40_M450""]","[23088460.06862249, 9754911.229495715, 6871170.2085080305]","[0.0, -57.74984039428094, -70.23980729729983]",nonincreasing,"[""S_L40_M450"", ""RAC"", ""S_L40_M200""]"
soil_energy_total_J,soil_m_MN_per_m4,L=4.5,"[2.0, 3.25, 4.5]","[""S_L45_M200"", ""S_L45_M325"", ""S_L45_M450""]","[21303454.53816521, 8934123.706437327, 6410296.42017869]","[0.0, -58.062558866066475, -69.90959185190073]",nonincreasing,"[""S_L45_M450"", ""S_L45_M325"", ""S_L45_M200""]"
soil_energy_total_J,soil_embedment_L_m,m=2.0,"[3.5, 4.0, 4.5]","[""S_L35_M200"", ""S_L40_M200"", ""S_L45_M200""]","[28497899.984273758, 23088460.06862249, 21303454.53816521]","[0.0, -18.981889608133958, -25.245528442722865]",nonincreasing,"[""S_L45_M200"", ""S_L40_M200"", ""S_L35_M200""]"
soil_energy_total_J,soil_embedment_L_m,m=3.25,"[3.5, 4.0, 4.5]","[""S_L35_M325"", ""RAC"", ""S_L45_M325""]","[11572780.837836295, 9754911.229495715, 8934123.706437327]","[0.0, -15.708148575640509, -22.800545248140246]",nonincreasing,"[""S_L45_M325"", ""RAC"", ""S_L35_M325""]"
soil_energy_total_J,soil_embedment_L_m,m=4.5,"[3.5, 4.0, 4.5]","[""S_L35_M450"", ""S_L40_M450"", ""S_L45_M450""]","[7098439.562036793, 6871170.2085080305, 6410296.42017869]","[0.0, -3.201680475582589, -9.694287538043787]",nonincreasing,"[""S_L45_M450"", ""S_L40_M450"", ""S_L35_M450""]"
soil_energy_source_interval_contribution_J,soil_m_MN_per_m4,L=3.5,"[2.0, 3.25, 4.5]","[""S_L35_M200"", ""S_L35_M325"", ""S_L35_M450""]","[24346839.316508204, 10123531.731465321, 6308846.518428673]","[0.0, -58.4195237835199, -74.08761590605725]",nonincreasing,"[""S_L35_M450"", ""S_L35_M325"", ""S_L35_M200""]"
soil_energy_source_interval_contribution_J,soil_m_MN_per_m4,L=4.0,"[2.0, 3.25, 4.5]","[""S_L40_M200"", ""RAC"", ""S_L40_M450""]","[18584645.3149646, 7857376.310705911, 5541669.34896616]","[0.0, -57.72113926554708, -70.18146294939547]",nonincreasing,"[""S_L40_M450"", ""RAC"", ""S_L40_M200""]"
soil_energy_source_interval_contribution_J,soil_m_MN_per_m4,L=4.5,"[2.0, 3.25, 4.5]","[""S_L45_M200"", ""S_L45_M325"", ""S_L45_M450""]","[16364898.288462674, 6714915.153291327, 4763486.985580501]","[0.0, -58.96757172010428, -70.89204649112435]",nonincreasing,"[""S_L45_M450"", ""S_L45_M325"", ""S_L45_M200""]"
soil_energy_source_interval_contribution_J,soil_embedment_L_m,m=2.0,"[3.5, 4.0, 4.5]","[""S_L35_M200"", ""S_L40_M200"", ""S_L45_M200""]","[24346839.316508204, 18584645.3149646, 16364898.288462674]","[0.0, -23.667113117375315, -32.78430076397403]",nonincreasing,"[""S_L45_M200"", ""S_L40_M200"", ""S_L35_M200""]"
soil_energy_source_interval_contribution_J,soil_embedment_L_m,m=3.25,"[3.5, 4.0, 4.5]","[""S_L35_M325"", ""RAC"", ""S_L45_M325""]","[10123531.731465321, 7857376.310705911, 6714915.153291327]","[0.0, -22.385028079833923, -33.67023158113435]",nonincreasing,"[""S_L45_M325"", ""RAC"", ""S_L35_M325""]"
soil_energy_source_interval_contribution_J,soil_embedment_L_m,m=4.5,"[3.5, 4.0, 4.5]","[""S_L35_M450"", ""S_L40_M450"", ""S_L45_M450""]","[6308846.518428673, 5541669.34896616, 4763486.985580501]","[0.0, -12.160339726470186, -24.49512011956617]",nonincreasing,"[""S_L45_M450"", ""S_L40_M450"", ""S_L35_M450""]"
soil_energy_proxy_interval_contribution_J,soil_m_MN_per_m4,L=3.5,"[2.0, 3.25, 4.5]","[""S_L35_M200"", ""S_L35_M325"", ""S_L35_M450""]","[1596060.4658692472, 586905.2172195968, 377146.5551029479]","[0.0, -63.2278832932588, -76.37015870212998]",nonincreasing,"[""S_L35_M450"", ""S_L35_M325"", ""S_L35_M200""]"
soil_energy_proxy_interval_contribution_J,soil_m_MN_per_m4,L=4.0,"[2.0, 3.25, 4.5]","[""S_L40_M200"", ""RAC"", ""S_L40_M450""]","[1863389.0065178678, 810745.807542214, 607008.12565012]","[0.0, -56.49079152520804, -67.42450859552716]",nonincreasing,"[""S_L40_M450"", ""RAC"", ""S_L40_M200""]"
soil_energy_proxy_interval_contribution_J,soil_m_MN_per_m4,L=4.5,"[2.0, 3.25, 4.5]","[""S_L45_M200"", ""S_L45_M325"", ""S_L45_M450""]","[2215140.7512234463, 1101284.6005847156, 838352.9053380571]","[0.0, -50.28376413659203, -62.15351530709614]",nonincreasing,"[""S_L45_M450"", ""S_L45_M325"", ""S_L45_M200""]"
soil_energy_proxy_interval_contribution_J,soil_embedment_L_m,m=2.0,"[3.5, 4.0, 4.5]","[""S_L35_M200"", ""S_L40_M200"", ""S_L45_M200""]","[1596060.4658692472, 1863389.0065178678, 2215140.7512234463]","[0.0, 16.749274000908727, 38.78802204508182]",nondecreasing,"[""S_L35_M200"", ""S_L40_M200"", ""S_L45_M200""]"
soil_energy_proxy_interval_contribution_J,soil_embedment_L_m,m=3.25,"[3.5, 4.0, 4.5]","[""S_L35_M325"", ""RAC"", ""S_L45_M325""]","[586905.2172195968, 810745.807542214, 1101284.6005847156]","[0.0, 38.13913793151116, 87.6426666987113]",nondecreasing,"[""S_L35_M325"", ""RAC"", ""S_L45_M325""]"
soil_energy_proxy_interval_contribution_J,soil_embedment_L_m,m=4.5,"[3.5, 4.0, 4.5]","[""S_L35_M450"", ""S_L40_M450"", ""S_L45_M450""]","[377146.5551029479, 607008.12565012, 838352.9053380571]","[0.0, 60.94754610298053, 122.28836350081889]",nondecreasing,"[""S_L35_M450"", ""S_L40_M450"", ""S_L45_M450""]"
soil_energy_transition_interval_contribution_J,soil_m_MN_per_m4,L=3.5,"[2.0, 3.25, 4.5]","[""S_L35_M200"", ""S_L35_M325"", ""S_L35_M450""]","[2555000.2018962204, 862343.8891513979, 412446.48850517534]","[0.0, -66.24877412880828, -83.85728156893789]",nonincreasing,"[""S_L35_M450"", ""S_L35_M325"", ""S_L35_M200""]"
soil_energy_transition_interval_contribution_J,soil_m_MN_per_m4,L=4.0,"[2.0, 3.25, 4.5]","[""S_L40_M200"", ""RAC"", ""S_L40_M450""]","[2640425.7471399605, 1086789.111247614, 722492.7338917548]","[0.0, -58.84038350918236, -72.6372637187643]",nonincreasing,"[""S_L40_M450"", ""RAC"", ""S_L40_M200""]"
soil_energy_transition_interval_contribution_J,soil_m_MN_per_m4,L=4.5,"[2.0, 3.25, 4.5]","[""S_L45_M200"", ""S_L45_M325"", ""S_L45_M450""]","[2723415.4984790147, 1117923.9525612993, 808456.5292601262]","[0.0, -58.95139932978856, -70.31460936784576]",nonincreasing,"[""S_L45_M450"", ""S_L45_M325"", ""S_L45_M200""]"
soil_energy_transition_interval_contribution_J,soil_embedment_L_m,m=2.0,"[3.5, 4.0, 4.5]","[""S_L35_M200"", ""S_L40_M200"", ""S_L45_M200""]","[2555000.2018962204, 2640425.7471399605, 2723415.4984790147]","[0.0, 3.343465303068885, 6.591596214270476]",nondecreasing,"[""S_L35_M200"", ""S_L40_M200"", ""S_L45_M200""]"
soil_energy_transition_interval_contribution_J,soil_embedment_L_m,m=3.25,"[3.5, 4.0, 4.5]","[""S_L35_M325"", ""RAC"", ""S_L45_M325""]","[862343.8891513979, 1086789.111247614, 1117923.9525612993]","[0.0, 26.027345345612034, 29.63783551146965]",nondecreasing,"[""S_L35_M325"", ""RAC"", ""S_L45_M325""]"
soil_energy_transition_interval_contribution_J,soil_embedment_L_m,m=4.5,"[3.5, 4.0, 4.5]","[""S_L35_M450"", ""S_L40_M450"", ""S_L45_M450""]","[412446.48850517534, 722492.7338917548, 808456.5292601262]","[0.0, 75.17247789168387, 96.0148896382183]",nondecreasing,"[""S_L35_M450"", ""S_L40_M450"", ""S_L45_M450""]"
roll_phi_rms_deg,soil_m_MN_per_m4,L=3.5,"[2.0, 3.25, 4.5]","[""S_L35_M200"", ""S_L35_M325"", ""S_L35_M450""]","[0.18307202403742054, 0.17093413368942487, 0.16723483768695763]","[0.0, -6.630117524409217, -8.650795463552496]",nonincreasing,"[""S_L35_M450"", ""S_L35_M325"", ""S_L35_M200""]"
roll_phi_rms_deg,soil_m_MN_per_m4,L=4.0,"[2.0, 3.25, 4.5]","[""S_L40_M200"", ""RAC"", ""S_L40_M450""]","[0.19594032097174566, 0.1607811867737967, 0.1635348315955818]","[0.0, -17.94379738870533, -16.538448653882064]",nonmonotonic,"[""RAC"", ""S_L40_M450"", ""S_L40_M200""]"
roll_phi_rms_deg,soil_m_MN_per_m4,L=4.5,"[2.0, 3.25, 4.5]","[""S_L45_M200"", ""S_L45_M325"", ""S_L45_M450""]","[0.20621710077941147, 0.15980783490167927, 0.16959299521755536]","[0.0, -22.505052055491635, -17.75997500858698]",nonmonotonic,"[""S_L45_M325"", ""S_L45_M450"", ""S_L45_M200""]"
roll_phi_rms_deg,soil_embedment_L_m,m=2.0,"[3.5, 4.0, 4.5]","[""S_L35_M200"", ""S_L40_M200"", ""S_L45_M200""]","[0.18307202403742054, 0.19594032097174566, 0.20621710077941147]","[0.0, 7.0290897814593425, 12.642607117983246]",nondecreasing,"[""S_L35_M200"", ""S_L40_M200"", ""S_L45_M200""]"
roll_phi_rms_deg,soil_embedment_L_m,m=3.25,"[3.5, 4.0, 4.5]","[""S_L35_M325"", ""RAC"", ""S_L45_M325""]","[0.17093413368942487, 0.1607811867737967, 0.15980783490167927]","[0.0, -5.939683722898397, -6.509114679202277]",nonincreasing,"[""S_L45_M325"", ""RAC"", ""S_L35_M325""]"
roll_phi_rms_deg,soil_embedment_L_m,m=4.5,"[3.5, 4.0, 4.5]","[""S_L35_M450"", ""S_L40_M450"", ""S_L45_M450""]","[0.16723483768695763, 0.1635348315955818, 0.16959299521755536]","[0.0, -2.212461316404523, 1.4100874932601684]",nonmonotonic,"[""S_L40_M450"", ""S_L35_M450"", ""S_L45_M450""]"
roll_phi_abs_peak_deg,soil_m_MN_per_m4,L=3.5,"[2.0, 3.25, 4.5]","[""S_L35_M200"", ""S_L35_M325"", ""S_L35_M450""]","[0.5801998450666163, 0.5972306891609551, 0.6368251655147866]","[0.0, 2.9353410276046255, 9.759623503806498]",nondecreasing,"[""S_L35_M200"", ""S_L35_M325"", ""S_L35_M450""]"
roll_phi_abs_peak_deg,soil_m_MN_per_m4,L=4.0,"[2.0, 3.25, 4.5]","[""S_L40_M200"", ""RAC"", ""S_L40_M450""]","[0.5764667128740202, 0.629523989060107, 0.6831875618853923]","[0.0, 9.203875089606747, 18.51292479305647]",nondecreasing,"[""S_L40_M200"", ""RAC"", ""S_L40_M450""]"
roll_phi_abs_peak_deg,soil_m_MN_per_m4,L=4.5,"[2.0, 3.25, 4.5]","[""S_L45_M200"", ""S_L45_M325"", ""S_L45_M450""]","[0.6086816968346551, 0.6805850223927117, 0.6732331366246459]","[0.0, 11.812960030172993, 10.605122533777422]",nonmonotonic,"[""S_L45_M200"", ""S_L45_M450"", ""S_L45_M325""]"
roll_phi_abs_peak_deg,soil_embedment_L_m,m=2.0,"[3.5, 4.0, 4.5]","[""S_L35_M200"", ""S_L40_M200"", ""S_L45_M200""]","[0.5801998450666163, 0.5764667128740202, 0.6086816968346551]","[0.0, -0.6434217837764943, 4.90897266006141]",nonmonotonic,"[""S_L40_M200"", ""S_L35_M200"", ""S_L45_M200""]"
roll_phi_abs_peak_deg,soil_embedment_L_m,m=3.25,"[3.5, 4.0, 4.5]","[""S_L35_M325"", ""RAC"", ""S_L45_M325""]","[0.5972306891609551, 0.629523989060107, 0.6805850223927117]","[0.0, 5.407173557092398, 13.956806765717353]",nondecreasing,"[""S_L35_M325"", ""RAC"", ""S_L45_M325""]"
roll_phi_abs_peak_deg,soil_embedment_L_m,m=4.5,"[3.5, 4.0, 4.5]","[""S_L35_M450"", ""S_L40_M450"", ""S_L45_M450""]","[0.6368251655147866, 0.6831875618853923, 0.6732331366246459]","[0.0, 7.280239362577323, 5.717106213983923]",nonmonotonic,"[""S_L35_M450"", ""S_L45_M450"", ""S_L40_M450""]"
roll_p_rms_deg_s,soil_m_MN_per_m4,L=3.5,"[2.0, 3.25, 4.5]","[""S_L35_M200"", ""S_L35_M325"", ""S_L35_M450""]","[0.14963565477219307, 0.13935954550832397, 0.13237206228836407]","[0.0, -6.867420254560024, -11.537084867982353]",nonincreasing,"[""S_L35_M450"", ""S_L35_M325"", ""S_L35_M200""]"
roll_p_rms_deg_s,soil_m_MN_per_m4,L=4.0,"[2.0, 3.25, 4.5]","[""S_L40_M200"", ""RAC"", ""S_L40_M450""]","[0.1689829402706407, 0.12070771044567308, 0.12498406075857171]","[0.0, -28.568108560337922, -26.037468303960743]",nonmonotonic,"[""RAC"", ""S_L40_M450"", ""S_L40_M200""]"
roll_p_rms_deg_s,soil_m_MN_per_m4,L=4.5,"[2.0, 3.25, 4.5]","[""S_L45_M200"", ""S_L45_M325"", ""S_L45_M450""]","[0.18087840824814613, 0.12013916789495077, 0.1357047621273692]","[0.0, -33.58014974892278, -24.97459290928934]",nonmonotonic,"[""S_L45_M325"", ""S_L45_M450"", ""S_L45_M200""]"
roll_p_rms_deg_s,soil_embedment_L_m,m=2.0,"[3.5, 4.0, 4.5]","[""S_L35_M200"", ""S_L40_M200"", ""S_L45_M200""]","[0.14963565477219307, 0.1689829402706407, 0.18087840824814613]","[0.0, 12.9295959094122, 20.87921727179085]",nondecreasing,"[""S_L35_M200"", ""S_L40_M200"", ""S_L45_M200""]"
roll_p_rms_deg_s,soil_embedment_L_m,m=3.25,"[3.5, 4.0, 4.5]","[""S_L35_M325"", ""RAC"", ""S_L45_M325""]","[0.13935954550832397, 0.12070771044567308, 0.12013916789495077]","[0.0, -13.383966627199436, -13.791934770786952]",nonincreasing,"[""S_L45_M325"", ""RAC"", ""S_L35_M325""]"
roll_p_rms_deg_s,soil_embedment_L_m,m=4.5,"[3.5, 4.0, 4.5]","[""S_L35_M450"", ""S_L40_M450"", ""S_L45_M450""]","[0.13237206228836407, 0.12498406075857171, 0.1357047621273692]","[0.0, -5.581239275171271, 2.517676148117315]",nonmonotonic,"[""S_L40_M450"", ""S_L35_M450"", ""S_L45_M450""]"
roll_p_abs_peak_deg_s,soil_m_MN_per_m4,L=3.5,"[2.0, 3.25, 4.5]","[""S_L35_M200"", ""S_L35_M325"", ""S_L35_M450""]","[0.6871486232580883, 0.746309181106514, 0.7342016870076313]","[0.0, 8.609572346651616, 6.847581754066933]",nonmonotonic,"[""S_L35_M200"", ""S_L35_M450"", ""S_L35_M325""]"
roll_p_abs_peak_deg_s,soil_m_MN_per_m4,L=4.0,"[2.0, 3.25, 4.5]","[""S_L40_M200"", ""RAC"", ""S_L40_M450""]","[0.7853606124547823, 0.8024914273104661, 0.8316550232610861]","[0.0, 2.1812673801068825, 5.894669285947829]",nondecreasing,"[""S_L40_M200"", ""RAC"", ""S_L40_M450""]"
roll_p_abs_peak_deg_s,soil_m_MN_per_m4,L=4.5,"[2.0, 3.25, 4.5]","[""S_L45_M200"", ""S_L45_M325"", ""S_L45_M450""]","[0.7267094021528296, 0.8369483940949621, 0.7505030182469701]","[0.0, 15.169611348849568, 3.274158284405484]",nonmonotonic,"[""S_L45_M200"", ""S_L45_M450"", ""S_L45_M325""]"
roll_p_abs_peak_deg_s,soil_embedment_L_m,m=2.0,"[3.5, 4.0, 4.5]","[""S_L35_M200"", ""S_L40_M200"", ""S_L45_M200""]","[0.6871486232580883, 0.7853606124547823, 0.7267094021528296]","[0.0, 14.292685144448903, 5.757237598347416]",nonmonotonic,"[""S_L35_M200"", ""S_L45_M200"", ""S_L40_M200""]"
roll_p_abs_peak_deg_s,soil_embedment_L_m,m=3.25,"[3.5, 4.0, 4.5]","[""S_L35_M325"", ""RAC"", ""S_L45_M325""]","[0.746309181106514, 0.8024914273104661, 0.8369483940949621]","[0.0, 7.528012200071499, 12.14499503463994]",nondecreasing,"[""S_L35_M325"", ""RAC"", ""S_L45_M325""]"
roll_p_abs_peak_deg_s,soil_embedment_L_m,m=4.5,"[3.5, 4.0, 4.5]","[""S_L35_M450"", ""S_L40_M450"", ""S_L45_M450""]","[0.7342016870076313, 0.8316550232610861, 0.7505030182469701]","[0.0, 13.273374057562174, 2.2202797307341666]",nonmonotonic,"[""S_L35_M450"", ""S_L45_M450"", ""S_L40_M450""]"
buffer_relative_pitch_rms_rad,soil_m_MN_per_m4,L=3.5,"[2.0, 3.25, 4.5]","[""S_L35_M200"", ""S_L35_M325"", ""S_L35_M450""]","[0.02330245947838812, 0.022296352925614667, 0.021268510148782102]","[0.0, -4.317598121805837, -8.728474912669213]",nonincreasing,"[""S_L35_M450"", ""S_L35_M325"", ""S_L35_M200""]"
buffer_relative_pitch_rms_rad,soil_m_MN_per_m4,L=4.0,"[2.0, 3.25, 4.5]","[""S_L40_M200"", ""RAC"", ""S_L40_M450""]","[0.02500312148215054, 0.02274643210347487, 0.022315552074152638]","[0.0, -9.025630580912452, -10.748935527576148]",nonincreasing,"[""S_L40_M450"", ""RAC"", ""S_L40_M200""]"
buffer_relative_pitch_rms_rad,soil_m_MN_per_m4,L=4.5,"[2.0, 3.25, 4.5]","[""S_L45_M200"", ""S_L45_M325"", ""S_L45_M450""]","[0.02606171161672194, 0.023133032490893716, 0.022977243249973283]","[0.0, -11.23747806321784, -11.83524862875688]",nonincreasing,"[""S_L45_M450"", ""S_L45_M325"", ""S_L45_M200""]"
buffer_relative_pitch_rms_rad,soil_embedment_L_m,m=2.0,"[3.5, 4.0, 4.5]","[""S_L35_M200"", ""S_L40_M200"", ""S_L45_M200""]","[0.02330245947838812, 0.02500312148215054, 0.02606171161672194]","[0.0, 7.298208179869182, 11.841033951342734]",nondecreasing,"[""S_L35_M200"", ""S_L40_M200"", ""S_L45_M200""]"
buffer_relative_pitch_rms_rad,soil_embedment_L_m,m=3.25,"[3.5, 4.0, 4.5]","[""S_L35_M325"", ""RAC"", ""S_L45_M325""]","[0.022296352925614667, 0.02274643210347487, 0.023133032490893716]","[0.0, 2.0186224148934304, 3.7525400143709087]",nondecreasing,"[""S_L35_M325"", ""RAC"", ""S_L45_M325""]"
buffer_relative_pitch_rms_rad,soil_embedment_L_m,m=4.5,"[3.5, 4.0, 4.5]","[""S_L35_M450"", ""S_L40_M450"", ""S_L45_M450""]","[0.021268510148782102, 0.022315552074152638, 0.022977243249973283]","[0.0, 4.922967890303743, 8.03409871795382]",nondecreasing,"[""S_L35_M450"", ""S_L40_M450"", ""S_L45_M450""]"
buffer_relative_pitch_abs_peak_rad,soil_m_MN_per_m4,L=3.5,"[2.0, 3.25, 4.5]","[""S_L35_M200"", ""S_L35_M325"", ""S_L35_M450""]","[0.044894451379314845, 0.04486824188009517, 0.044667414599707765]","[0.0, -0.0583802639623185, -0.5057123377872206]",nonincreasing,"[""S_L35_M450"", ""S_L35_M325"", ""S_L35_M200""]"
buffer_relative_pitch_abs_peak_rad,soil_m_MN_per_m4,L=4.0,"[2.0, 3.25, 4.5]","[""S_L40_M200"", ""RAC"", ""S_L40_M450""]","[0.04487763706002903, 0.04491263224289723, 0.04466016845565927]","[0.0, 0.07797911200492261, -0.48458122712403867]",nonmonotonic,"[""S_L40_M450"", ""S_L40_M200"", ""RAC""]"
buffer_relative_pitch_abs_peak_rad,soil_m_MN_per_m4,L=4.5,"[2.0, 3.25, 4.5]","[""S_L45_M200"", ""S_L45_M325"", ""S_L45_M450""]","[0.04488546196226192, 0.04467194788910956, 0.044667396094698414]","[0.0, -0.47568647802237635, -0.48582738826849]",nonincreasing,"[""S_L45_M450"", ""S_L45_M325"", ""S_L45_M200""]"
buffer_relative_pitch_abs_peak_rad,soil_embedment_L_m,m=2.0,"[3.5, 4.0, 4.5]","[""S_L35_M200"", ""S_L40_M200"", ""S_L45_M200""]","[0.044894451379314845, 0.04487763706002903, 0.04488546196226192]","[0.0, -0.03745300091486174, -0.020023447835403798]",nonmonotonic,"[""S_L40_M200"", ""S_L45_M200"", ""S_L35_M200""]"
buffer_relative_pitch_abs_peak_rad,soil_embedment_L_m,m=3.25,"[3.5, 4.0, 4.5]","[""S_L35_M325"", ""RAC"", ""S_L45_M325""]","[0.04486824188009517, 0.04491263224289723, 0.04467194788910956]","[0.0, 0.09893492800696815, -0.4374898207738509]",nonmonotonic,"[""S_L45_M325"", ""S_L35_M325"", ""RAC""]"
buffer_relative_pitch_abs_peak_rad,soil_embedment_L_m,m=4.5,"[3.5, 4.0, 4.5]","[""S_L35_M450"", ""S_L40_M450"", ""S_L45_M450""]","[0.044667414599707765, 0.04466016845565927, 0.044667396094698414]","[0.0, -0.016222438915336684, -4.142843170369002e-05]",nonmonotonic,"[""S_L40_M450"", ""S_L45_M450"", ""S_L35_M450""]"
branch1_stroke_utilization_p95,soil_m_MN_per_m4,L=3.5,"[2.0, 3.25, 4.5]","[""S_L35_M200"", ""S_L35_M325"", ""S_L35_M450""]","[0.9044611542694028, 0.8900213000995312, 0.8769594196829843]","[0.0, -1.5965145768516376, -3.040676148068909]",nonincreasing,"[""S_L35_M450"", ""S_L35_M325"", ""S_L35_M200""]"
branch1_stroke_utilization_p95,soil_m_MN_per_m4,L=4.0,"[2.0, 3.25, 4.5]","[""S_L40_M200"", ""RAC"", ""S_L40_M450""]","[0.9231016221616162, 0.9105575581547505, 0.9129537089411479]","[0.0, -1.3589039067542108, -1.0993278504597375]",nonmonotonic,"[""RAC"", ""S_L40_M450"", ""S_L40_M200""]"
branch1_stroke_utilization_p95,soil_m_MN_per_m4,L=4.5,"[2.0, 3.25, 4.5]","[""S_L45_M200"", ""S_L45_M325"", ""S_L45_M450""]","[0.9362561268906759, 0.9307505889033818, 0.9254815461690655]","[0.0, -0.5880375924030676, -1.1508155100029092]",nonincreasing,"[""S_L45_M450"", ""S_L45_M325"", ""S_L45_M200""]"
branch1_stroke_utilization_p95,soil_embedment_L_m,m=2.0,"[3.5, 4.0, 4.5]","[""S_L35_M200"", ""S_L40_M200"", ""S_L45_M200""]","[0.9044611542694028, 0.9231016221616162, 0.9362561268906759]","[0.0, 2.0609473169989965, 3.5153497163685516]",nondecreasing,"[""S_L35_M200"", ""S_L40_M200"", ""S_L45_M200""]"
branch1_stroke_utilization_p95,soil_embedment_L_m,m=3.25,"[3.5, 4.0, 4.5]","[""S_L35_M325"", ""RAC"", ""S_L45_M325""]","[0.8900213000995312, 0.9105575581547505, 0.9307505889033818]","[0.0, 2.3073895032537686, 4.576215063537903]",nondecreasing,"[""S_L35_M325"", ""RAC"", ""S_L45_M325""]"
branch1_stroke_utilization_p95,soil_embedment_L_m,m=4.5,"[3.5, 4.0, 4.5]","[""S_L35_M450"", ""S_L40_M450"", ""S_L45_M450""]","[0.8769594196829843, 0.9129537089411479, 0.9254815461690655]","[0.0, 4.104441830521114, 5.532995643472499]",nondecreasing,"[""S_L35_M450"", ""S_L40_M450"", ""S_L45_M450""]"
branch1_stroke_utilization_abs_peak,soil_m_MN_per_m4,L=3.5,"[2.0, 3.25, 4.5]","[""S_L35_M200"", ""S_L35_M325"", ""S_L35_M450""]","[0.990158891658723, 0.989579578777187, 0.9792077880942287]","[0.0, -0.05850706249432636, -1.1059945688261064]",nonincreasing,"[""S_L35_M450"", ""S_L35_M325"", ""S_L35_M200""]"
branch1_stroke_utilization_abs_peak,soil_m_MN_per_m4,L=4.0,"[2.0, 3.25, 4.5]","[""S_L40_M200"", ""RAC"", ""S_L40_M450""]","[0.9897872418434321, 0.9905607470215019, 0.9790496022101465]","[0.0, 0.07814863087436007, -1.0848432046150969]",nonmonotonic,"[""S_L40_M450"", ""S_L40_M200"", ""RAC""]"
branch1_stroke_utilization_abs_peak,soil_m_MN_per_m4,L=4.5,"[2.0, 3.25, 4.5]","[""S_L45_M200"", ""S_L45_M325"", ""S_L45_M450""]","[0.9899601969502241, 0.9793067512726523, 0.979207384123665]","[0.0, -1.0761488906717553, -1.086186379986316]",nonincreasing,"[""S_L45_M450"", ""S_L45_M325"", ""S_L45_M200""]"
branch1_stroke_utilization_abs_peak,soil_embedment_L_m,m=2.0,"[3.5, 4.0, 4.5]","[""S_L35_M200"", ""S_L40_M200"", ""S_L45_M200""]","[0.990158891658723, 0.9897872418434321, 0.9899601969502241]","[0.0, -0.03753436124460972, -0.020066951897590377]",nonmonotonic,"[""S_L40_M200"", ""S_L45_M200"", ""S_L35_M200""]"
branch1_stroke_utilization_abs_peak,soil_embedment_L_m,m=3.25,"[3.5, 4.0, 4.5]","[""S_L35_M325"", ""RAC"", ""S_L45_M325""]","[0.989579578777187, 0.9905607470215019, 0.9793067512726523]","[0.0, 0.09915000929255655, -1.0381001917227066]",nonmonotonic,"[""S_L45_M325"", ""S_L35_M325"", ""RAC""]"
branch1_stroke_utilization_abs_peak,soil_embedment_L_m,m=4.5,"[3.5, 4.0, 4.5]","[""S_L35_M450"", ""S_L40_M450"", ""S_L45_M450""]","[0.9792077880942287, 0.9790496022101465, 0.979207384123665]","[0.0, -0.01615447568999595, -4.125483565172281e-05]",nonmonotonic,"[""S_L40_M450"", ""S_L45_M450"", ""S_L35_M450""]"
branch2_stroke_utilization_p95,soil_m_MN_per_m4,L=3.5,"[2.0, 3.25, 4.5]","[""S_L35_M200"", ""S_L35_M325"", ""S_L35_M450""]","[0.9188283617142381, 0.9077942390646894, 0.894850042410293]","[0.0, -1.2008905154998268, -2.609662511854694]",nonincreasing,"[""S_L35_M450"", ""S_L35_M325"", ""S_L35_M200""]"
branch2_stroke_utilization_p95,soil_m_MN_per_m4,L=4.0,"[2.0, 3.25, 4.5]","[""S_L40_M200"", ""RAC"", ""S_L40_M450""]","[0.9417506626002252, 0.9293332287855461, 0.9317931038185128]","[0.0, -1.3185479243936886, -1.0573455562238825]",nonmonotonic,"[""RAC"", ""S_L40_M450"", ""S_L40_M200""]"
branch2_stroke_utilization_p95,soil_m_MN_per_m4,L=4.5,"[2.0, 3.25, 4.5]","[""S_L45_M200"", ""S_L45_M325"", ""S_L45_M450""]","[0.9550548577530202, 0.9500658118229047, 0.9446554269906073]","[0.0, -0.5223831793132129, -1.0888830812169137]",nonincreasing,"[""S_L45_M450"", ""S_L45_M325"", ""S_L45_M200""]"
branch2_stroke_utilization_p95,soil_embedment_L_m,m=2.0,"[3.5, 4.0, 4.5]","[""S_L35_M200"", ""S_L40_M200"", ""S_L45_M200""]","[0.9188283617142381, 0.9417506626002252, 0.9550548577530202]","[0.0, 2.4947315343228507, 3.942683698965839]",nondecreasing,"[""S_L35_M200"", ""S_L40_M200"", ""S_L45_M200""]"
branch2_stroke_utilization_p95,soil_embedment_L_m,m=3.25,"[3.5, 4.0, 4.5]","[""S_L35_M325"", ""RAC"", ""S_L45_M325""]","[0.9077942390646894, 0.9293332287855461, 0.9500658118229047]","[0.0, 2.3726731007952457, 4.65651476283527]",nondecreasing,"[""S_L35_M325"", ""RAC"", ""S_L45_M325""]"
branch2_stroke_utilization_p95,soil_embedment_L_m,m=4.5,"[3.5, 4.0, 4.5]","[""S_L35_M450"", ""S_L40_M450"", ""S_L45_M450""]","[0.894850042410293, 0.9317931038185128, 0.9446554269906073]","[0.0, 4.128408074800227, 5.565779987690759]",nondecreasing,"[""S_L35_M450"", ""S_L40_M450"", ""S_L45_M450""]"
branch2_stroke_utilization_abs_peak,soil_m_MN_per_m4,L=3.5,"[2.0, 3.25, 4.5]","[""S_L35_M200"", ""S_L35_M325"", ""S_L35_M450""]","[0.999752346673727, 0.9999485906460848, 0.9998413755981552]","[0.0, 0.01962925848693003, 0.008905097819915055]",nonmonotonic,"[""S_L35_M200"", ""S_L35_M450"", ""S_L35_M325""]"
branch2_stroke_utilization_abs_peak,soil_m_MN_per_m4,L=4.0,"[2.0, 3.25, 4.5]","[""S_L40_M200"", ""RAC"", ""S_L40_M450""]","[0.9997998238738717, 0.9997618944194286, 0.999678831378854]","[0.0, -0.0037937048534443228, -0.01210167196757659]",nonincreasing,"[""S_L40_M450"", ""RAC"", ""S_L40_M200""]"
branch2_stroke_utilization_abs_peak,soil_m_MN_per_m4,L=4.5,"[2.0, 3.25, 4.5]","[""S_L45_M200"", ""S_L45_M325"", ""S_L45_M450""]","[0.9998772868130192, 0.9999430655915074, 0.9998409604969423]","[0.0, 0.006578685140232065, -0.003633077434207834]",nonmonotonic,"[""S_L45_M450"", ""S_L45_M200"", ""S_L45_M325""]"
branch2_stroke_utilization_abs_peak,soil_embedment_L_m,m=2.0,"[3.5, 4.0, 4.5]","[""S_L35_M200"", ""S_L40_M200"", ""S_L45_M200""]","[0.999752346673727, 0.9997998238738717, 0.9998772868130192]","[0.0, 0.004748896094378005, 0.01249710887980355]",nondecreasing,"[""S_L35_M200"", ""S_L40_M200"", ""S_L45_M200""]"
branch2_stroke_utilization_abs_peak,soil_embedment_L_m,m=3.25,"[3.5, 4.0, 4.5]","[""S_L35_M325"", ""RAC"", ""S_L45_M325""]","[0.9999485906460848, 0.9997618944194286, 0.9999430655915074]","[0.0, -0.018670582508196417, -0.0005525338631493583]",nonmonotonic,"[""RAC"", ""S_L45_M325"", ""S_L35_M325""]"
branch2_stroke_utilization_abs_peak,soil_embedment_L_m,m=4.5,"[3.5, 4.0, 4.5]","[""S_L35_M450"", ""S_L40_M450"", ""S_L45_M450""]","[0.9998413755981552, 0.999678831378854, 0.9998409604969423]","[0.0, -0.016257000687127286, -4.151670685862111e-05]",nonmonotonic,"[""S_L40_M450"", ""S_L45_M450"", ""S_L35_M450""]"
branch1_pressure_min_Pa,soil_m_MN_per_m4,L=3.5,"[2.0, 3.25, 4.5]","[""S_L35_M200"", ""S_L35_M325"", ""S_L35_M450""]","[11183145.892974453, 11184339.626632439, 11479406.295841722]","[0.0, 0.010674399398972884, 2.6491687196300227]",nondecreasing,"[""S_L35_M200"", ""S_L35_M325"", ""S_L35_M450""]"
branch1_pressure_min_Pa,soil_m_MN_per_m4,L=4.0,"[2.0, 3.25, 4.5]","[""S_L40_M200"", ""RAC"", ""S_L40_M450""]","[11183911.690451996, 11182317.957048526, 11760186.199971858]","[0.0, -0.014250232365756071, 5.152709762648098]",nonmonotonic,"[""RAC"", ""S_L40_M200"", ""S_L40_M450""]"
branch1_pressure_min_Pa,soil_m_MN_per_m4,L=4.5,"[2.0, 3.25, 4.5]","[""S_L45_M200"", ""S_L45_M325"", ""S_L45_M450""]","[11183555.299206292, 11592870.157941975, 12166284.970404224]","[0.0, 3.6599708034235943, 8.787274215630493]",nondecreasing,"[""S_L45_M200"", ""S_L45_M325"", ""S_L45_M450""]"
branch1_pressure_min_Pa,soil_embedment_L_m,m=2.0,"[3.5, 4.0, 4.5]","[""S_L35_M200"", ""S_L40_M200"", ""S_L45_M200""]","[11183145.892974453, 11183911.690451996, 11183555.299206292]","[0.0, 0.006847782232944383, 0.0036609218529144788]",nonmonotonic,"[""S_L35_M200"", ""S_L45_M200"", ""S_L40_M200""]"
branch1_pressure_min_Pa,soil_embedment_L_m,m=3.25,"[3.5, 4.0, 4.5]","[""S_L35_M325"", ""RAC"", ""S_L45_M325""]","[11184339.626632439, 11182317.957048526, 11592870.157941975]","[0.0, -0.01807589586334527, 3.652701410611068]",nonmonotonic,"[""RAC"", ""S_L35_M325"", ""S_L45_M325""]"
branch1_pressure_min_Pa,soil_embedment_L_m,m=4.5,"[3.5, 4.0, 4.5]","[""S_L35_M450"", ""S_L40_M450"", ""S_L45_M450""]","[11479406.295841722, 11760186.199971858, 12166284.970404224]","[0.0, 2.4459444756463213, 5.983573164505174]",nondecreasing,"[""S_L35_M450"", ""S_L40_M450"", ""S_L45_M450""]"
branch1_pressure_max_Pa,soil_m_MN_per_m4,L=3.5,"[2.0, 3.25, 4.5]","[""S_L35_M200"", ""S_L35_M325"", ""S_L35_M450""]","[17019656.01717309, 17020464.418941326, 17020022.752470892]","[0.0, 0.004749812613261178, 0.002154775028548134]",nonmonotonic,"[""S_L35_M200"", ""S_L35_M450"", ""S_L35_M325""]"
branch1_pressure_max_Pa,soil_m_MN_per_m4,L=4.0,"[2.0, 3.25, 4.5]","[""S_L40_M200"", ""RAC"", ""S_L40_M450""]","[17019851.587546214, 17019695.346408445, 17019353.196775656]","[0.0, -0.0009179935381069844, -0.0029282909312966683]",nonincreasing,"[""S_L40_M450"", ""RAC"", ""S_L40_M200""]"
branch1_pressure_max_Pa,soil_m_MN_per_m4,L=4.5,"[2.0, 3.25, 4.5]","[""S_L45_M200"", ""S_L45_M325"", ""S_L45_M450""]","[17020170.684621293, 17020441.658319637, 17020021.04252129]","[0.0, 0.0015920739184414996, -0.0008792044614324985]",nonmonotonic,"[""S_L45_M450"", ""S_L45_M200"", ""S_L45_M325""]"
branch1_pressure_max_Pa,soil_embedment_L_m,m=2.0,"[3.5, 4.0, 4.5]","[""S_L35_M200"", ""S_L40_M200"", ""S_L45_M200""]","[17019656.01717309, 17019851.587546214, 17020170.684621293]","[0.0, 0.0011490853453679725, 0.003023959166299857]",nondecreasing,"[""S_L35_M200"", ""S_L40_M200"", ""S_L45_M200""]"
branch1_pressure_max_Pa,soil_embedment_L_m,m=3.25,"[3.5, 4.0, 4.5]","[""S_L35_M325"", ""RAC"", ""S_L45_M325""]","[17020464.418941326, 17019695.346408445, 17020441.658319637]","[0.0, -0.004518516733451669, -0.000133725033166138]",nonmonotonic,"[""RAC"", ""S_L45_M325"", ""S_L35_M325""]"
branch1_pressure_max_Pa,soil_embedment_L_m,m=4.5,"[3.5, 4.0, 4.5]","[""S_L35_M450"", ""S_L40_M450"", ""S_L45_M450""]","[17020022.752470892, 17019353.196775656, 17020021.04252129]","[0.0, -0.003933929495708377, -1.0046693981025254e-05]",nonmonotonic,"[""S_L40_M450"", ""S_L45_M450"", ""S_L35_M450""]"
branch2_pressure_min_Pa,soil_m_MN_per_m4,L=3.5,"[2.0, 3.25, 4.5]","[""S_L35_M200"", ""S_L35_M325"", ""S_L35_M450""]","[11003699.95890246, 11003302.617157655, 11003519.696008582]","[0.0, -0.0036109830901313203, -0.0016382025550604293]",nonmonotonic,"[""S_L35_M325"", ""S_L35_M450"", ""S_L35_M200""]"
branch2_pressure_min_Pa,soil_m_MN_per_m4,L=4.0,"[2.0, 3.25, 4.5]","[""S_L40_M200"", ""RAC"", ""S_L40_M450""]","[11003603.82796934, 11003680.62669265, 11003848.814115878]","[0.0, 0.000697941551794354, 0.002226417366234804]",nondecreasing,"[""S_L40_M200"", ""RAC"", ""S_L40_M450""]"
branch2_pressure_min_Pa,soil_m_MN_per_m4,L=4.5,"[2.0, 3.25, 4.5]","[""S_L45_M200"", ""S_L45_M325"", ""S_L45_M450""]","[11003446.985572143, 11003313.803584246, 11003520.536480375]","[0.0, -0.0012103660613914124, 0.000668435157896872]",nonmonotonic,"[""S_L45_M325"", ""S_L45_M200"", ""S_L45_M450""]"
branch2_pressure_min_Pa,soil_embedment_L_m,m=2.0,"[3.5, 4.0, 4.5]","[""S_L35_M200"", ""S_L40_M200"", ""S_L45_M200""]","[11003699.95890246, 11003603.82796934, 11003446.985572143]","[0.0, -0.0008736237218210418, -0.0022989842622199]",nonincreasing,"[""S_L45_M200"", ""S_L40_M200"", ""S_L35_M200""]"
branch2_pressure_min_Pa,soil_embedment_L_m,m=3.25,"[3.5, 4.0, 4.5]","[""S_L35_M325"", ""RAC"", ""S_L45_M325""]","[11003302.617157655, 11003680.62669265, 11003313.803584246]","[0.0, 0.0034354188751163275, 0.0001016642637246467]",nonmonotonic,"[""S_L35_M325"", ""S_L45_M325"", ""RAC""]"
branch2_pressure_min_Pa,soil_embedment_L_m,m=4.5,"[3.5, 4.0, 4.5]","[""S_L35_M450"", ""S_L40_M450"", ""S_L45_M450""]","[11003519.696008582, 11003848.814115878, 11003520.536480375]","[0.0, 0.00299102574802416, 7.638208647647537e-06]",nonmonotonic,"[""S_L35_M450"", ""S_L45_M450"", ""S_L40_M450""]"
branch2_pressure_max_Pa,soil_m_MN_per_m4,L=3.5,"[2.0, 3.25, 4.5]","[""S_L35_M200"", ""S_L35_M325"", ""S_L35_M450""]","[16859094.716403533, 16856651.58945417, 16282926.805577042]","[0.0, -0.014491448031224045, -3.4175495215997116]",nonincreasing,"[""S_L35_M450"", ""S_L35_M325"", ""S_L35_M200""]"
branch2_pressure_max_Pa,soil_m_MN_per_m4,L=4.0,"[2.0, 3.25, 4.5]","[""S_L40_M200"", ""RAC"", ""S_L40_M450""]","[16857527.296048377, 16860789.799664993, 15787652.123519229]","[0.0, 0.01935339364617789, -6.346572387161078]",nonmonotonic,"[""S_L40_M450"", ""S_L40_M200"", ""RAC""]"
branch2_pressure_max_Pa,soil_m_MN_per_m4,L=4.5,"[2.0, 3.25, 4.5]","[""S_L45_M200"", ""S_L45_M325"", ""S_L45_M450""]","[16858256.698208977, 16077233.470098458, 15145878.565222561]","[0.0, -4.6328825221500765, -10.157504204858492]",nonincreasing,"[""S_L45_M450"", ""S_L45_M325"", ""S_L45_M200""]"
branch2_pressure_max_Pa,soil_embedment_L_m,m=2.0,"[3.5, 4.0, 4.5]","[""S_L35_M200"", ""S_L40_M200"", ""S_L45_M200""]","[16859094.716403533, 16857527.296048377, 16858256.698208977]","[0.0, -0.009297179839858175, -0.004970718823596517]",nonmonotonic,"[""S_L40_M200"", ""S_L45_M200"", ""S_L35_M200""]"
branch2_pressure_max_Pa,soil_embedment_L_m,m=3.25,"[3.5, 4.0, 4.5]","[""S_L35_M325"", ""RAC"", ""S_L45_M325""]","[16856651.58945417, 16860789.799664993, 16077233.470098458]","[0.0, 0.024549420084184828, -4.6238015611791505]",nonmonotonic,"[""S_L45_M325"", ""S_L35_M325"", ""RAC""]"
branch2_pressure_max_Pa,soil_embedment_L_m,m=4.5,"[3.5, 4.0, 4.5]","[""S_L35_M450"", ""S_L40_M450"", ""S_L45_M450""]","[16282926.805577042, 15787652.123519229, 15145878.565222561]","[0.0, -3.0416809457632454, -6.983070389808738]",nonincreasing,"[""S_L45_M450"", ""S_L40_M450"", ""S_L35_M450""]"
branch1_rope_tension_p95_N,soil_m_MN_per_m4,L=3.5,"[2.0, 3.25, 4.5]","[""S_L35_M200"", ""S_L35_M325"", ""S_L35_M450""]","[828040.9829114014, 830652.0396268353, 829687.4351608676]","[0.0, 0.3153294063119111, 0.19883704833995827]",nonmonotonic,"[""S_L35_M200"", ""S_L35_M450"", ""S_L35_M325""]"
branch1_rope_tension_p95_N,soil_m_MN_per_m4,L=4.0,"[2.0, 3.25, 4.5]","[""S_L40_M200"", ""RAC"", ""S_L40_M450""]","[837181.6185276537, 836348.3638455358, 837037.446040383]","[0.0, -0.09953093375167466, -0.01722117209457379]",nonmonotonic,"[""RAC"", ""S_L40_M450"", ""S_L40_M200""]"
branch1_rope_tension_p95_N,soil_m_MN_per_m4,L=4.5,"[2.0, 3.25, 4.5]","[""S_L45_M200"", ""S_L45_M325"", ""S_L45_M450""]","[841237.6664186756, 840712.9058785427, 839621.8498055987]","[0.0, -0.06237958202310313, -0.1920761132767278]",nonincreasing,"[""S_L45_M450"", ""S_L45_M325"", ""S_L45_M200""]"
branch1_rope_tension_p95_N,soil_embedment_L_m,m=2.0,"[3.5, 4.0, 4.5]","[""S_L35_M200"", ""S_L40_M200"", ""S_L45_M200""]","[828040.9829114014, 837181.6185276537, 841237.6664186756]","[0.0, 1.1038868612654578, 1.5937234725839837]",nondecreasing,"[""S_L35_M200"", ""S_L40_M200"", ""S_L45_M200""]"
branch1_rope_tension_p95_N,soil_embedment_L_m,m=3.25,"[3.5, 4.0, 4.5]","[""S_L35_M325"", ""RAC"", ""S_L45_M325""]","[830652.0396268353, 836348.3638455358, 840712.9058785427]","[0.0, 0.6857653923608684, 1.2112010531181265]",nondecreasing,"[""S_L35_M325"", ""RAC"", ""S_L45_M325""]"
branch1_rope_tension_p95_N,soil_embedment_L_m,m=4.5,"[3.5, 4.0, 4.5]","[""S_L35_M450"", ""S_L40_M450"", ""S_L45_M450""]","[829687.4351608676, 837037.446040383, 839621.8498055987]","[0.0, 0.8858770867236566, 1.19736833700572]",nondecreasing,"[""S_L35_M450"", ""S_L40_M450"", ""S_L45_M450""]"
branch1_rope_tension_abs_peak_N,soil_m_MN_per_m4,L=3.5,"[2.0, 3.25, 4.5]","[""S_L35_M200"", ""S_L35_M325"", ""S_L35_M450""]","[850843.6193404743, 850884.0328180266, 850861.9531063214]","[0.0, 0.004749812613472078, 0.0021547750292061994]",nonmonotonic,"[""S_L35_M200"", ""S_L35_M450"", ""S_L35_M325""]"
branch1_rope_tension_abs_peak_N,soil_m_MN_per_m4,L=4.0,"[2.0, 3.25, 4.5]","[""S_L40_M200"", ""RAC"", ""S_L40_M450""]","[850853.3962598142, 850845.5854806274, 850828.4807969816]","[0.0, -0.0009179935369730236, -0.0029282909302674443]",nonincreasing,"[""S_L40_M450"", ""RAC"", ""S_L40_M200""]"
branch1_rope_tension_abs_peak_N,soil_m_MN_per_m4,L=4.5,"[2.0, 3.25, 4.5]","[""S_L45_M200"", ""S_L45_M325"", ""S_L45_M450""]","[850869.3485040995, 850882.8949730741, 850861.8676228239]","[0.0, 0.001592073918090082, -0.0008792044617380047]",nonmonotonic,"[""S_L45_M450"", ""S_L45_M200"", ""S_L45_M325""]"
branch1_rope_tension_abs_peak_N,soil_embedment_L_m,m=2.0,"[3.5, 4.0, 4.5]","[""S_L35_M200"", ""S_L40_M200"", ""S_L45_M200""]","[850843.6193404743, 850853.3962598142, 850869.3485040995]","[0.0, 0.0011490853451399704, 0.0030239591671641576]",nondecreasing,"[""S_L35_M200"", ""S_L40_M200"", ""S_L45_M200""]"
branch1_rope_tension_abs_peak_N,soil_embedment_L_m,m=3.25,"[3.5, 4.0, 4.5]","[""S_L35_M325"", ""RAC"", ""S_L45_M325""]","[850884.0328180266, 850845.5854806274, 850882.8949730741]","[0.0, -0.0045185167327566195, -0.00013372503286416583]",nonmonotonic,"[""RAC"", ""S_L45_M325"", ""S_L35_M325""]"
branch1_rope_tension_abs_peak_N,soil_embedment_L_m,m=4.5,"[3.5, 4.0, 4.5]","[""S_L35_M450"", ""S_L40_M450"", ""S_L45_M450""]","[850861.9531063214, 850828.4807969816, 850861.8676228239]","[0.0, -0.003933929495565178, -1.0046694080309969e-05]",nonmonotonic,"[""S_L40_M450"", ""S_L45_M450"", ""S_L35_M450""]"
branch2_rope_tension_p95_N,soil_m_MN_per_m4,L=3.5,"[2.0, 3.25, 4.5]","[""S_L35_M200"", ""S_L35_M325"", ""S_L35_M450""]","[808756.7613760771, 780814.7380123202, 747894.7032398043]","[0.0, -3.45493536477077, -7.525384768680973]",nonincreasing,"[""S_L35_M450"", ""S_L35_M325"", ""S_L35_M200""]"
branch2_rope_tension_p95_N,soil_m_MN_per_m4,L=4.0,"[2.0, 3.25, 4.5]","[""S_L40_M200"", ""RAC"", ""S_L40_M450""]","[797948.1617112212, 760518.5399030717, 728878.6649655964]","[0.0, -4.690733509289711, -8.655887695449216]",nonincreasing,"[""S_L40_M450"", ""RAC"", ""S_L40_M200""]"
branch2_rope_tension_p95_N,soil_m_MN_per_m4,L=4.5,"[2.0, 3.25, 4.5]","[""S_L45_M200"", ""S_L45_M325"", ""S_L45_M450""]","[797303.9675034327, 740311.4997688024, 712333.46556343]","[0.0, -7.148148016005558, -10.657228033878665]",nonincreasing,"[""S_L45_M450"", ""S_L45_M325"", ""S_L45_M200""]"
branch2_rope_tension_p95_N,soil_embedment_L_m,m=2.0,"[3.5, 4.0, 4.5]","[""S_L35_M200"", ""S_L40_M200"", ""S_L45_M200""]","[808756.7613760771, 797948.1617112212, 797303.9675034327]","[0.0, -1.3364462816317397, -1.4160986862301859]",nonincreasing,"[""S_L45_M200"", ""S_L40_M200"", ""S_L35_M200""]"
branch2_rope_tension_p95_N,soil_embedment_L_m,m=3.25,"[3.5, 4.0, 4.5]","[""S_L35_M325"", ""RAC"", ""S_L45_M325""]","[780814.7380123202, 760518.5399030717, 740311.4997688024]","[0.0, -2.599361554178078, -5.187304525862924]",nonincreasing,"[""S_L45_M325"", ""RAC"", ""S_L35_M325""]"
branch2_rope_tension_p95_N,soil_embedment_L_m,m=4.5,"[3.5, 4.0, 4.5]","[""S_L35_M450"", ""S_L40_M450"", ""S_L45_M450""]","[747894.7032398043, 728878.6649655964, 712333.46556343]","[0.0, -2.542609031970984, -4.754845504631411]",nonincreasing,"[""S_L45_M450"", ""S_L40_M450"", ""S_L35_M450""]"
branch2_rope_tension_abs_peak_N,soil_m_MN_per_m4,L=3.5,"[2.0, 3.25, 4.5]","[""S_L35_M200"", ""S_L35_M325"", ""S_L35_M450""]","[855049.6374431604, 854925.7283693041, 825827.892649279]","[0.0, -0.014491448031816383, -3.41754952160002]",nonincreasing,"[""S_L35_M450"", ""S_L35_M325"", ""S_L35_M200""]"
branch2_rope_tension_abs_peak_N,soil_m_MN_per_m4,L=4.0,"[2.0, 3.25, 4.5]","[""S_L40_M200"", ""RAC"", ""S_L40_M450""]","[854970.1419406413, 855135.6076777729, 800708.8429937712]","[0.0, 0.019353393646702174, -6.346572387160321]",nonmonotonic,"[""S_L40_M450"", ""S_L40_M200"", ""RAC""]"
branch2_rope_tension_abs_peak_N,soil_m_MN_per_m4,L=4.5,"[2.0, 3.25, 4.5]","[""S_L45_M200"", ""S_L45_M325"", ""S_L45_M450""]","[855007.1353298784, 815395.6591940438, 768159.749606905]","[0.0, -4.632882522150146, -10.15750420485859]",nonincreasing,"[""S_L45_M450"", ""S_L45_M325"", ""S_L45_M200""]"
branch2_rope_tension_abs_peak_N,soil_embedment_L_m,m=2.0,"[3.5, 4.0, 4.5]","[""S_L35_M200"", ""S_L40_M200"", ""S_L45_M200""]","[855049.6374431604, 854970.1419406413, 855007.1353298784]","[0.0, -0.009297179840551248, -0.004970718823889023]",nonmonotonic,"[""S_L40_M200"", ""S_L45_M200"", ""S_L35_M200""]"
branch2_rope_tension_abs_peak_N,soil_embedment_L_m,m=3.25,"[3.5, 4.0, 4.5]","[""S_L35_M325"", ""RAC"", ""S_L45_M325""]","[854925.7283693041, 855135.6076777729, 815395.6591940438]","[0.0, 0.024549420084608402, -4.623801561178934]",nonmonotonic,"[""S_L45_M325"", ""S_L35_M325"", ""RAC""]"
branch2_rope_tension_abs_peak_N,soil_embedment_L_m,m=4.5,"[3.5, 4.0, 4.5]","[""S_L35_M450"", ""S_L40_M450"", ""S_L45_M450""]","[825827.892649279, 800708.8429937712, 768159.749606905]","[0.0, -3.0416809457628236, -6.983070389808817]",nonincreasing,"[""S_L45_M450"", ""S_L40_M450"", ""S_L35_M450""]"
soil_x_displacement_rms_m,soil_m_MN_per_m4,L=3.5,"[2.0, 3.25, 4.5]","[""S_L35_M200"", ""S_L35_M325"", ""S_L35_M450""]","[0.15692152688583538, 0.09606269037189544, 0.07062278320110303]","[0.0, -38.78297498227658, -54.994840668047416]",nonincreasing,"[""S_L35_M450"", ""S_L35_M325"", ""S_L35_M200""]"
soil_x_displacement_rms_m,soil_m_MN_per_m4,L=4.0,"[2.0, 3.25, 4.5]","[""S_L40_M200"", ""RAC"", ""S_L40_M450""]","[0.13963746302714822, 0.08640864499491943, 0.06619584935790668]","[0.0, -38.11929612462242, -52.59449153338104]",nonincreasing,"[""S_L40_M450"", ""RAC"", ""S_L40_M200""]"
soil_x_displacement_rms_m,soil_m_MN_per_m4,L=4.5,"[2.0, 3.25, 4.5]","[""S_L45_M200"", ""S_L45_M325"", ""S_L45_M450""]","[0.12962870789042866, 0.07984358072969812, 0.062263290878950196]","[0.0, -38.405942611734154, -51.96797693024949]",nonincreasing,"[""S_L45_M450"", ""S_L45_M325"", ""S_L45_M200""]"
soil_x_displacement_rms_m,soil_embedment_L_m,m=2.0,"[3.5, 4.0, 4.5]","[""S_L35_M200"", ""S_L40_M200"", ""S_L45_M200""]","[0.15692152688583538, 0.13963746302714822, 0.12962870789042866]","[0.0, -11.014463217186119, -17.3926544923712]",nonincreasing,"[""S_L45_M200"", ""S_L40_M200"", ""S_L35_M200""]"
soil_x_displacement_rms_m,soil_embedment_L_m,m=3.25,"[3.5, 4.0, 4.5]","[""S_L35_M325"", ""RAC"", ""S_L45_M325""]","[0.09606269037189544, 0.08640864499491943, 0.07984358072969812]","[0.0, -10.049734542725695, -16.88388028630776]",nonincreasing,"[""S_L45_M325"", ""RAC"", ""S_L35_M325""]"
soil_x_displacement_rms_m,soil_embedment_L_m,m=4.5,"[3.5, 4.0, 4.5]","[""S_L35_M450"", ""S_L40_M450"", ""S_L45_M450""]","[0.07062278320110303, 0.06619584935790668, 0.062263290878950196]","[0.0, -6.268421665838867, -11.836820843421917]",nonincreasing,"[""S_L45_M450"", ""S_L40_M450"", ""S_L35_M450""]"
soil_x_displacement_abs_peak_m,soil_m_MN_per_m4,L=3.5,"[2.0, 3.25, 4.5]","[""S_L35_M200"", ""S_L35_M325"", ""S_L35_M450""]","[0.3842129367319881, 0.24979481279186203, 0.1929015923528901]","[0.0, -34.98531962079426, -49.793051219550506]",nonincreasing,"[""S_L35_M450"", ""S_L35_M325"", ""S_L35_M200""]"
soil_x_displacement_abs_peak_m,soil_m_MN_per_m4,L=4.0,"[2.0, 3.25, 4.5]","[""S_L40_M200"", ""RAC"", ""S_L40_M450""]","[0.3487957635837664, 0.23833334670911777, 0.17961271196754328]","[0.0, -31.669655542740017, -48.504904382415845]",nonincreasing,"[""S_L40_M450"", ""RAC"", ""S_L40_M200""]"
soil_x_displacement_abs_peak_m,soil_m_MN_per_m4,L=4.5,"[2.0, 3.25, 4.5]","[""S_L45_M200"", ""S_L45_M325"", ""S_L45_M450""]","[0.36188343234288156, 0.22587781232852241, 0.1634073750308856]","[0.0, -37.582715277635295, -54.845300882396174]",nonincreasing,"[""S_L45_M450"", ""S_L45_M325"", ""S_L45_M200""]"
soil_x_displacement_abs_peak_m,soil_embedment_L_m,m=2.0,"[3.5, 4.0, 4.5]","[""S_L35_M200"", ""S_L40_M200"", ""S_L45_M200""]","[0.3842129367319881, 0.3487957635837664, 0.36188343234288156]","[0.0, -9.218110522115843, -5.81175235249372]",nonmonotonic,"[""S_L40_M200"", ""S_L45_M200"", ""S_L35_M200""]"
soil_x_displacement_abs_peak_m,soil_embedment_L_m,m=3.25,"[3.5, 4.0, 4.5]","[""S_L35_M325"", ""RAC"", ""S_L45_M325""]","[0.24979481279186203, 0.23833334670911777, 0.22587781232852241]","[0.0, -4.5883523179059615, -9.57465857518351]",nonincreasing,"[""S_L45_M325"", ""RAC"", ""S_L35_M325""]"
soil_x_displacement_abs_peak_m,soil_embedment_L_m,m=4.5,"[3.5, 4.0, 4.5]","[""S_L35_M450"", ""S_L40_M450"", ""S_L45_M450""]","[0.1929015923528901, 0.17961271196754328, 0.1634073750308856]","[0.0, -6.8889428144462475, -15.289773900906114]",nonincreasing,"[""S_L45_M450"", ""S_L40_M450"", ""S_L35_M450""]"
soil_rotation_rms_rad,soil_m_MN_per_m4,L=3.5,"[2.0, 3.25, 4.5]","[""S_L35_M200"", ""S_L35_M325"", ""S_L35_M450""]","[0.030461252356465192, 0.02636125073527844, 0.02267252859120924]","[0.0, -13.459727699989173, -25.56928281907244]",nonincreasing,"[""S_L35_M450"", ""S_L35_M325"", ""S_L35_M200""]"
soil_rotation_rms_rad,soil_m_MN_per_m4,L=4.0,"[2.0, 3.25, 4.5]","[""S_L40_M200"", ""RAC"", ""S_L40_M450""]","[0.029757384012290927, 0.023794465471623706, 0.020037170915973887]","[0.0, -20.03845008084148, -32.66487770666341]",nonincreasing,"[""S_L40_M450"", ""RAC"", ""S_L40_M200""]"
soil_rotation_rms_rad,soil_m_MN_per_m4,L=4.5,"[2.0, 3.25, 4.5]","[""S_L45_M200"", ""S_L45_M325"", ""S_L45_M450""]","[0.029006035214731843, 0.021215754039511182, 0.01756903109164088]","[0.0, -26.857449208584228, -39.429739495324874]",nonincreasing,"[""S_L45_M450"", ""S_L45_M325"", ""S_L45_M200""]"
soil_rotation_rms_rad,soil_embedment_L_m,m=2.0,"[3.5, 4.0, 4.5]","[""S_L35_M200"", ""S_L40_M200"", ""S_L45_M200""]","[0.030461252356465192, 0.029757384012290927, 0.029006035214731843]","[0.0, -2.310700610524551, -4.777272860301455]",nonincreasing,"[""S_L45_M200"", ""S_L40_M200"", ""S_L35_M200""]"
soil_rotation_rms_rad,soil_embedment_L_m,m=3.25,"[3.5, 4.0, 4.5]","[""S_L35_M325"", ""RAC"", ""S_L45_M325""]","[0.02636125073527844, 0.023794465471623706, 0.021215754039511182]","[0.0, -9.736963126031371, -19.519167536619197]",nonincreasing,"[""S_L45_M325"", ""RAC"", ""S_L35_M325""]"
soil_rotation_rms_rad,soil_embedment_L_m,m=4.5,"[3.5, 4.0, 4.5]","[""S_L35_M450"", ""S_L40_M450"", ""S_L45_M450""]","[0.02267252859120924, 0.020037170915973887, 0.01756903109164088]","[0.0, -11.623571956844515, -22.509608838015197]",nonincreasing,"[""S_L45_M450"", ""S_L40_M450"", ""S_L35_M450""]"
soil_rotation_abs_peak_rad,soil_m_MN_per_m4,L=3.5,"[2.0, 3.25, 4.5]","[""S_L35_M200"", ""S_L35_M325"", ""S_L35_M450""]","[0.0720861256543842, 0.07282952326949169, 0.06396898025162566]","[0.0, 1.0312631014069114, -11.260343553038302]",nonmonotonic,"[""S_L35_M450"", ""S_L35_M200"", ""S_L35_M325""]"
soil_rotation_abs_peak_rad,soil_m_MN_per_m4,L=4.0,"[2.0, 3.25, 4.5]","[""S_L40_M200"", ""RAC"", ""S_L40_M450""]","[0.07285464841877323, 0.070062974700602, 0.05728367756749253]","[0.0, -3.8318402171464996, -21.372652520094192]",nonincreasing,"[""S_L40_M450"", ""RAC"", ""S_L40_M200""]"
soil_rotation_abs_peak_rad,soil_m_MN_per_m4,L=4.5,"[2.0, 3.25, 4.5]","[""S_L45_M200"", ""S_L45_M325"", ""S_L45_M450""]","[0.0706765246829936, 0.06130911102910535, 0.05015069038441528]","[0.0, -13.253925112905648, -29.041940574530408]",nonincreasing,"[""S_L45_M450"", ""S_L45_M325"", ""S_L45_M200""]"
soil_rotation_abs_peak_rad,soil_embedment_L_m,m=2.0,"[3.5, 4.0, 4.5]","[""S_L35_M200"", ""S_L40_M200"", ""S_L45_M200""]","[0.0720861256543842, 0.07285464841877323, 0.0706765246829936]","[0.0, 1.0661174496652828, -1.955440049793928]",nonmonotonic,"[""S_L45_M200"", ""S_L35_M200"", ""S_L40_M200""]"
soil_rotation_abs_peak_rad,soil_embedment_L_m,m=3.25,"[3.5, 4.0, 4.5]","[""S_L35_M325"", ""RAC"", ""S_L45_M325""]","[0.07282952326949169, 0.070062974700602, 0.06130911102910535]","[0.0, -3.7986635703389275, -15.818327133293542]",nonincreasing,"[""S_L45_M325"", ""RAC"", ""S_L35_M325""]"
soil_rotation_abs_peak_rad,soil_embedment_L_m,m=4.5,"[3.5, 4.0, 4.5]","[""S_L35_M450"", ""S_L40_M450"", ""S_L45_M450""]","[0.06396898025162566, 0.05728367756749253, 0.05015069038441528]","[0.0, -10.450850799615855, -21.60154783280168]",nonincreasing,"[""S_L45_M450"", ""S_L40_M450"", ""S_L35_M450""]"
soil_force_x_total_rms_N,soil_m_MN_per_m4,L=3.5,"[2.0, 3.25, 4.5]","[""S_L35_M200"", ""S_L35_M325"", ""S_L35_M450""]","[3728553.3995560897, 3205920.796817978, 3093760.326453986]","[0.0, -14.017034134480541, -17.02518390048216]",nonincreasing,"[""S_L35_M450"", ""S_L35_M325"", ""S_L35_M200""]"
soil_force_x_total_rms_N,soil_m_MN_per_m4,L=4.0,"[2.0, 3.25, 4.5]","[""S_L40_M200"", ""RAC"", ""S_L40_M450""]","[3663026.278870042, 3211366.7482100907, 3180919.829489539]","[0.0, -12.330229058560773, -13.16142480771996]",nonincreasing,"[""S_L40_M450"", ""RAC"", ""S_L40_M200""]"
soil_force_x_total_rms_N,soil_m_MN_per_m4,L=4.5,"[2.0, 3.25, 4.5]","[""S_L45_M200"", ""S_L45_M325"", ""S_L45_M450""]","[3597748.578716199, 3159441.3302578484, 3140906.6426268504]","[0.0, -12.182820418617293, -12.697995040341745]",nonincreasing,"[""S_L45_M450"", ""S_L45_M325"", ""S_L45_M200""]"
soil_force_x_total_rms_N,soil_embedment_L_m,m=2.0,"[3.5, 4.0, 4.5]","[""S_L35_M200"", ""S_L40_M200"", ""S_L45_M200""]","[3728553.3995560897, 3663026.278870042, 3597748.578716199]","[0.0, -1.7574408534379355, -3.5081922349687678]",nonincreasing,"[""S_L45_M200"", ""S_L40_M200"", ""S_L35_M200""]"
soil_force_x_total_rms_N,soil_embedment_L_m,m=3.25,"[3.5, 4.0, 4.5]","[""S_L35_M325"", ""RAC"", ""S_L45_M325""]","[3205920.796817978, 3211366.7482100907, 3159441.3302578484]","[0.0, 0.1698716761037303, -1.449800837446219]",nonmonotonic,"[""S_L45_M325"", ""S_L35_M325"", ""RAC""]"
soil_force_x_total_rms_N,soil_embedment_L_m,m=4.5,"[3.5, 4.0, 4.5]","[""S_L35_M450"", ""S_L40_M450"", ""S_L45_M450""]","[3093760.326453986, 3180919.829489539, 3140906.6426268504]","[0.0, 2.8172674621971603, 1.5239162442458032]",nonmonotonic,"[""S_L35_M450"", ""S_L45_M450"", ""S_L40_M450""]"
soil_force_x_total_abs_peak_N,soil_m_MN_per_m4,L=3.5,"[2.0, 3.25, 4.5]","[""S_L35_M200"", ""S_L35_M325"", ""S_L35_M450""]","[12195580.043376215, 11477384.110578857, 11345210.439359976]","[0.0, -5.888985437699056, -6.972768830934778]",nonincreasing,"[""S_L35_M450"", ""S_L35_M325"", ""S_L35_M200""]"
soil_force_x_total_abs_peak_N,soil_m_MN_per_m4,L=4.0,"[2.0, 3.25, 4.5]","[""S_L40_M200"", ""RAC"", ""S_L40_M450""]","[12383941.668664278, 12607581.521226423, 13165342.681008074]","[0.0, 1.8058858685359587, 6.309792417070366]",nondecreasing,"[""S_L40_M200"", ""RAC"", ""S_L40_M450""]"
soil_force_x_total_abs_peak_N,soil_m_MN_per_m4,L=4.5,"[2.0, 3.25, 4.5]","[""S_L45_M200"", ""S_L45_M325"", ""S_L45_M450""]","[13399216.616073055, 12907194.922855586, 14155248.429427255]","[0.0, -3.672018352380869, 5.642358318525132]",nonmonotonic,"[""S_L45_M325"", ""S_L45_M200"", ""S_L45_M450""]"
soil_force_x_total_abs_peak_N,soil_embedment_L_m,m=2.0,"[3.5, 4.0, 4.5]","[""S_L35_M200"", ""S_L40_M200"", ""S_L45_M200""]","[12195580.043376215, 12383941.668664278, 13399216.616073055]","[0.0, 1.5445073101739715, 9.869449164499326]",nondecreasing,"[""S_L35_M200"", ""S_L40_M200"", ""S_L45_M200""]"
soil_force_x_total_abs_peak_N,soil_embedment_L_m,m=3.25,"[3.5, 4.0, 4.5]","[""S_L35_M325"", ""RAC"", ""S_L45_M325""]","[11477384.110578857, 12607581.521226423, 12907194.922855586]","[0.0, 9.84716900435394, 12.457636674883545]",nondecreasing,"[""S_L35_M325"", ""RAC"", ""S_L45_M325""]"
soil_force_x_total_abs_peak_N,soil_embedment_L_m,m=4.5,"[3.5, 4.0, 4.5]","[""S_L35_M450"", ""S_L40_M450"", ""S_L45_M450""]","[11345210.439359976, 13165342.681008074, 14155248.429427255]","[0.0, 16.04317743929639, 24.768495966530555]",nondecreasing,"[""S_L35_M450"", ""S_L40_M450"", ""S_L45_M450""]"
soil_moment_total_rms_Nm,soil_m_MN_per_m4,L=3.5,"[2.0, 3.25, 4.5]","[""S_L35_M200"", ""S_L35_M325"", ""S_L35_M450""]","[8535212.583513385, 7376345.133783229, 7250129.72191049]","[0.0, -13.577487829285287, -15.056249027530502]",nonincreasing,"[""S_L35_M450"", ""S_L35_M325"", ""S_L35_M200""]"
soil_moment_total_rms_Nm,soil_m_MN_per_m4,L=4.0,"[2.0, 3.25, 4.5]","[""S_L40_M200"", ""RAC"", ""S_L40_M450""]","[9453786.694365883, 8440718.929406008, 8506087.851659028]","[0.0, -10.71599981797376, -10.02454226380684]",nonmonotonic,"[""RAC"", ""S_L40_M450"", ""S_L40_M200""]"
soil_moment_total_rms_Nm,soil_m_MN_per_m4,L=4.5,"[2.0, 3.25, 4.5]","[""S_L45_M200"", ""S_L45_M325"", ""S_L45_M450""]","[10334385.750584044, 9326738.779205408, 9419356.322495868]","[0.0, -9.750429253346663, -8.854221723206553]",nonmonotonic,"[""S_L45_M325"", ""S_L45_M450"", ""S_L45_M200""]"
soil_moment_total_rms_Nm,soil_embedment_L_m,m=2.0,"[3.5, 4.0, 4.5]","[""S_L35_M200"", ""S_L40_M200"", ""S_L45_M200""]","[8535212.583513385, 9453786.694365883, 10334385.750584044]","[0.0, 10.762170266582654, 21.079418344493746]",nondecreasing,"[""S_L35_M200"", ""S_L40_M200"", ""S_L45_M200""]"
soil_moment_total_rms_Nm,soil_embedment_L_m,m=3.25,"[3.5, 4.0, 4.5]","[""S_L35_M325"", ""RAC"", ""S_L45_M325""]","[7376345.133783229, 8440718.929406008, 9326738.779205408]","[0.0, 14.429555237972927, 26.441192894967596]",nondecreasing,"[""S_L35_M325"", ""RAC"", ""S_L45_M325""]"
soil_moment_total_rms_Nm,soil_embedment_L_m,m=4.5,"[3.5, 4.0, 4.5]","[""S_L35_M450"", ""S_L40_M450"", ""S_L45_M450""]","[7250129.72191049, 8506087.851659028, 9419356.322495868]","[0.0, 17.3232504509944, 29.919831558734693]",nondecreasing,"[""S_L35_M450"", ""S_L40_M450"", ""S_L45_M450""]"
soil_moment_total_abs_peak_Nm,soil_m_MN_per_m4,L=3.5,"[2.0, 3.25, 4.5]","[""S_L35_M200"", ""S_L35_M325"", ""S_L35_M450""]","[28740544.088325486, 26659728.511252902, 26079905.33308007]","[0.0, -7.240000643960731, -9.25744045439341]",nonincreasing,"[""S_L35_M450"", ""S_L35_M325"", ""S_L35_M200""]"
soil_moment_total_abs_peak_Nm,soil_m_MN_per_m4,L=4.0,"[2.0, 3.25, 4.5]","[""S_L40_M200"", ""RAC"", ""S_L40_M450""]","[32737387.9376517, 33179091.205775462, 34032237.518560566]","[0.0, 1.34923185980807, 3.95526235439096]",nondecreasing,"[""S_L40_M200"", ""RAC"", ""S_L40_M450""]"
soil_moment_total_abs_peak_Nm,soil_m_MN_per_m4,L=4.5,"[2.0, 3.25, 4.5]","[""S_L45_M200"", ""S_L45_M325"", ""S_L45_M450""]","[39587282.379126154, 37827922.59347553, 40687480.100424685]","[0.0, -4.444255023119022, 2.779169609982246]",nonmonotonic,"[""S_L45_M325"", ""S_L45_M200"", ""S_L45_M450""]"
soil_moment_total_abs_peak_Nm,soil_embedment_L_m,m=2.0,"[3.5, 4.0, 4.5]","[""S_L35_M200"", ""S_L40_M200"", ""S_L45_M200""]","[28740544.088325486, 32737387.9376517, 39587282.379126154]","[0.0, 13.906639474336702, 37.74019815862377]",nondecreasing,"[""S_L35_M200"", ""S_L40_M200"", ""S_L45_M200""]"
soil_moment_total_abs_peak_Nm,soil_embedment_L_m,m=3.25,"[3.5, 4.0, 4.5]","[""S_L35_M325"", ""RAC"", ""S_L45_M325""]","[26659728.511252902, 33179091.205775462, 37827922.59347553]","[0.0, 24.45397255928836, 41.8916272065884]",nondecreasing,"[""S_L35_M325"", ""RAC"", ""S_L45_M325""]"
soil_moment_total_abs_peak_Nm,soil_embedment_L_m,m=4.5,"[3.5, 4.0, 4.5]","[""S_L35_M450"", ""S_L40_M450"", ""S_L45_M450""]","[26079905.33308007, 34032237.518560566, 40687480.100424685]","[0.0, 30.492181945897105, 56.01084275722501]",nondecreasing,"[""S_L35_M450"", ""S_L40_M450"", ""S_L45_M450""]"
support_runtime_delta_x_force_rms_N,soil_m_MN_per_m4,L=3.5,"[2.0, 3.25, 4.5]","[""S_L35_M200"", ""S_L35_M325"", ""S_L35_M450""]","[572514.4368265615, 483837.28675472544, 471090.4036641674]","[0.0, -15.489067937460593, -17.71554158958609]",nonincreasing,"[""S_L35_M450"", ""S_L35_M325"", ""S_L35_M200""]"
support_runtime_delta_x_force_rms_N,soil_m_MN_per_m4,L=4.0,"[2.0, 3.25, 4.5]","[""S_L40_M200"", ""RAC"", ""S_L40_M450""]","[540799.8110173005, 478427.42463583016, 472321.84607853735]","[0.0, -11.533359500281886, -12.662350012650517]",nonincreasing,"[""S_L40_M450"", ""RAC"", ""S_L40_M200""]"
support_runtime_delta_x_force_rms_N,soil_m_MN_per_m4,L=4.5,"[2.0, 3.25, 4.5]","[""S_L45_M200"", ""S_L45_M325"", ""S_L45_M450""]","[537612.8270225489, 478956.24580187624, 472821.2037511673]","[0.0, -10.910562075970041, -12.051725705693416]",nonincreasing,"[""S_L45_M450"", ""S_L45_M325"", ""S_L45_M200""]"
support_runtime_delta_x_force_rms_N,soil_embedment_L_m,m=2.0,"[3.5, 4.0, 4.5]","[""S_L35_M200"", ""S_L40_M200"", ""S_L45_M200""]","[572514.4368265615, 540799.8110173005, 537612.8270225489]","[0.0, -5.539532939126333, -6.096197328659807]",nonincreasing,"[""S_L45_M200"", ""S_L40_M200"", ""S_L35_M200""]"
support_runtime_delta_x_force_rms_N,soil_embedment_L_m,m=3.25,"[3.5, 4.0, 4.5]","[""S_L35_M325"", ""RAC"", ""S_L45_M325""]","[483837.28675472544, 478427.42463583016, 478956.24580187624]","[0.0, -1.1181160003564867, -1.0088186848078904]",nonmonotonic,"[""RAC"", ""S_L45_M325"", ""S_L35_M325""]"
support_runtime_delta_x_force_rms_N,soil_embedment_L_m,m=4.5,"[3.5, 4.0, 4.5]","[""S_L35_M450"", ""S_L40_M450"", ""S_L45_M450""]","[471090.4036641674, 472321.84607853735, 472821.2037511673]","[0.0, 0.26140256833756964, 0.367402959928208]",nondecreasing,"[""S_L35_M450"", ""S_L40_M450"", ""S_L45_M450""]"
support_runtime_delta_x_force_abs_peak_N,soil_m_MN_per_m4,L=3.5,"[2.0, 3.25, 4.5]","[""S_L35_M200"", ""S_L35_M325"", ""S_L35_M450""]","[1901078.7161618886, 1667469.8645974935, 1690290.989212204]","[0.0, -12.288226130690202, -11.08779584757261]",nonmonotonic,"[""S_L35_M325"", ""S_L35_M450"", ""S_L35_M200""]"
support_runtime_delta_x_force_abs_peak_N,soil_m_MN_per_m4,L=4.0,"[2.0, 3.25, 4.5]","[""S_L40_M200"", ""RAC"", ""S_L40_M450""]","[1956908.8074665596, 1711493.652641907, 1705763.4800940044]","[0.0, -12.540960206641936, -12.833777762883662]",nonincreasing,"[""S_L40_M450"", ""RAC"", ""S_L40_M200""]"
support_runtime_delta_x_force_abs_peak_N,soil_m_MN_per_m4,L=4.5,"[2.0, 3.25, 4.5]","[""S_L45_M200"", ""S_L45_M325"", ""S_L45_M450""]","[1942724.3429077764, 1783834.889295349, 1702755.6214132612]","[0.0, -8.17869267930258, -12.352175560601745]",nonincreasing,"[""S_L45_M450"", ""S_L45_M325"", ""S_L45_M200""]"
support_runtime_delta_x_force_abs_peak_N,soil_embedment_L_m,m=2.0,"[3.5, 4.0, 4.5]","[""S_L35_M200"", ""S_L40_M200"", ""S_L45_M200""]","[1901078.7161618886, 1956908.8074665596, 1942724.3429077764]","[0.0, 2.9367585271475285, 2.1906313711179024]",nonmonotonic,"[""S_L35_M200"", ""S_L45_M200"", ""S_L40_M200""]"
support_runtime_delta_x_force_abs_peak_N,soil_embedment_L_m,m=3.25,"[3.5, 4.0, 4.5]","[""S_L35_M325"", ""RAC"", ""S_L45_M325""]","[1667469.8645974935, 1711493.652641907, 1783834.889295349]","[0.0, 2.6401549424726993, 6.978538393312698]",nondecreasing,"[""S_L35_M325"", ""RAC"", ""S_L45_M325""]"
support_runtime_delta_x_force_abs_peak_N,soil_embedment_L_m,m=4.5,"[3.5, 4.0, 4.5]","[""S_L35_M450"", ""S_L40_M450"", ""S_L45_M450""]","[1690290.989212204, 1705763.4800940044, 1702755.6214132612]","[0.0, 0.9153743929624628, 0.7374252291829685]",nonmonotonic,"[""S_L35_M450"", ""S_L45_M450"", ""S_L40_M450""]"
support_runtime_delta_pitch_moment_rms_Nm,soil_m_MN_per_m4,L=3.5,"[2.0, 3.25, 4.5]","[""S_L35_M200"", ""S_L35_M325"", ""S_L35_M450""]","[276706938.7341173, 280184665.5379242, 283417404.01066875]","[0.0, 1.2568267422988355, 2.425116373030092]",nondecreasing,"[""S_L35_M200"", ""S_L35_M325"", ""S_L35_M450""]"
support_runtime_delta_pitch_moment_rms_Nm,soil_m_MN_per_m4,L=4.0,"[2.0, 3.25, 4.5]","[""S_L40_M200"", ""RAC"", ""S_L40_M450""]","[275507976.6399297, 282017297.5973248, 284305441.2318112]","[0.0, 2.3626615231915116, 3.193179631012718]",nondecreasing,"[""S_L40_M200"", ""RAC"", ""S_L40_M450""]"
support_runtime_delta_pitch_moment_rms_Nm,soil_m_MN_per_m4,L=4.5,"[2.0, 3.25, 4.5]","[""S_L45_M200"", ""S_L45_M325"", ""S_L45_M450""]","[275677590.2287381, 282962546.3580986, 283862074.8711161]","[0.0, 2.6425637728898987, 2.9688610654159646]",nondecreasing,"[""S_L45_M200"", ""S_L45_M325"", ""S_L45_M450""]"
support_runtime_delta_pitch_moment_rms_Nm,soil_embedment_L_m,m=2.0,"[3.5, 4.0, 4.5]","[""S_L35_M200"", ""S_L40_M200"", ""S_L45_M200""]","[276706938.7341173, 275507976.6399297, 275677590.2287381]","[0.0, -0.4332967216769646, -0.37199952776329986]",nonmonotonic,"[""S_L40_M200"", ""S_L45_M200"", ""S_L35_M200""]"
support_runtime_delta_pitch_moment_rms_Nm,soil_embedment_L_m,m=3.25,"[3.5, 4.0, 4.5]","[""S_L35_M325"", ""RAC"", ""S_L45_M325""]","[280184665.5379242, 282017297.5973248, 282962546.3580986]","[0.0, 0.6540800710424902, 0.9914464144000265]",nondecreasing,"[""S_L35_M325"", ""RAC"", ""S_L45_M325""]"
support_runtime_delta_pitch_moment_rms_Nm,soil_embedment_L_m,m=4.5,"[3.5, 4.0, 4.5]","[""S_L35_M450"", ""S_L40_M450"", ""S_L45_M450""]","[283417404.01066875, 284305441.2318112, 283862074.8711161]","[0.0, 0.3133319297177114, 0.15689610241106022]",nonmonotonic,"[""S_L35_M450"", ""S_L45_M450"", ""S_L40_M450""]"
support_runtime_delta_pitch_moment_abs_peak_Nm,soil_m_MN_per_m4,L=3.5,"[2.0, 3.25, 4.5]","[""S_L35_M200"", ""S_L35_M325"", ""S_L35_M450""]","[890637179.5940186, 958118145.0819217, 921779984.5204754]","[0.0, 7.576706546055391, 3.496688173365131]",nonmonotonic,"[""S_L35_M200"", ""S_L35_M450"", ""S_L35_M325""]"
support_runtime_delta_pitch_moment_abs_peak_Nm,soil_m_MN_per_m4,L=4.0,"[2.0, 3.25, 4.5]","[""S_L40_M200"", ""RAC"", ""S_L40_M450""]","[861416270.6735555, 944032503.2381368, 948018835.5533202]","[0.0, 9.59074437959969, 10.05350929952237]",nondecreasing,"[""S_L40_M200"", ""RAC"", ""S_L40_M450""]"
support_runtime_delta_pitch_moment_abs_peak_Nm,soil_m_MN_per_m4,L=4.5,"[2.0, 3.25, 4.5]","[""S_L45_M200"", ""S_L45_M325"", ""S_L45_M450""]","[867935223.2248787, 939583777.6039162, 961579020.2811775]","[0.0, 8.25505780406306, 10.789261058948417]",nondecreasing,"[""S_L45_M200"", ""S_L45_M325"", ""S_L45_M450""]"
support_runtime_delta_pitch_moment_abs_peak_Nm,soil_embedment_L_m,m=2.0,"[3.5, 4.0, 4.5]","[""S_L35_M200"", ""S_L40_M200"", ""S_L45_M200""]","[890637179.5940186, 861416270.6735555, 867935223.2248787]","[0.0, -3.2808992920981503, -2.548956734490716]",nonmonotonic,"[""S_L40_M200"", ""S_L45_M200"", ""S_L35_M200""]"
support_runtime_delta_pitch_moment_abs_peak_Nm,soil_embedment_L_m,m=3.25,"[3.5, 4.0, 4.5]","[""S_L35_M325"", ""RAC"", ""S_L45_M325""]","[958118145.0819217, 944032503.2381368, 939583777.6039162]","[0.0, -1.4701362160906124, -1.9344553250706664]",nonincreasing,"[""S_L45_M325"", ""RAC"", ""S_L35_M325""]"
support_runtime_delta_pitch_moment_abs_peak_Nm,soil_embedment_L_m,m=4.5,"[3.5, 4.0, 4.5]","[""S_L35_M450"", ""S_L40_M450"", ""S_L45_M450""]","[921779984.5204754, 948018835.5533202, 961579020.2811775]","[0.0, 2.8465416339555962, 4.317628547923637]",nondecreasing,"[""S_L35_M450"", ""S_L40_M450"", ""S_L45_M450""]"
